2025-08-04 22:03:54,DDoS,NEUTRAL,7.660995149671361e-35,(1, 15, 33)
2025-08-04 22:03:58,DDoS,NEUTRAL,7.660995149671361e-35,(1, 15, 33)
2025-08-04 22:04:01,DDoS,NEUTRAL,3.682298042910722e-35,(1, 15, 33)
2025-08-04 22:04:04,DDoS,NEUTRAL,3.860617895659949e-36,(1, 15, 33)
2025-08-04 22:04:07,DDoS,NEUTRAL,7.265342081549612e-32,(1, 15, 33)
2025-08-04 22:04:10,DDoS,NEUTRAL,2.6689038834945204e-28,(1, 15, 33)
2025-08-04 22:04:13,DDoS,NEUTRAL,2.6689038834945204e-28,(1, 15, 33)
2025-08-04 22:04:16,DDoS,NEUTRAL,1.4517522740600243e-32,(1, 15, 33)
2025-08-04 22:04:19,DDoS,NEUTRAL,1.4517522740600243e-32,(1, 15, 33)
2025-08-04 22:04:23,DDoS,NEUTRAL,1.4517522740600243e-32,(1, 15, 33)
2025-08-04 22:04:26,DDoS,NEUTRAL,1.4517522740600243e-32,(1, 15, 33)
2025-08-04 22:04:29,DDoS,NEUTRAL,5.208878553533225e-29,(1, 15, 33)
2025-08-04 22:04:32,DDoS,NEUTRAL,5.208878553533225e-29,(1, 15, 33)
2025-08-04 22:04:35,DDoS,NEUTRAL,1.5421515394652373e-29,(1, 15, 33)
2025-08-04 22:04:38,DDoS,NEUTRAL,2.0596710336237927e-29,(1, 15, 33)
2025-08-04 22:04:41,DDoS,NEUTRAL,2.670602794446713e-29,(1, 15, 33)
2025-08-04 22:04:44,DDoS,NEUTRAL,7.0396919525264994e-31,(1, 15, 33)
2025-08-04 22:04:47,DDoS,NEUTRAL,5.577820979013559e-33,(1, 15, 33)
2025-08-04 22:04:50,DDoS,NEUTRAL,3.3364143984803716e-27,(1, 15, 33)
2025-08-04 22:04:53,DDoS,NEUTRAL,1.8077651145024646e-29,(1, 15, 33)
2025-08-04 22:04:57,DDoS,NEUTRAL,1.8077651145024646e-29,(1, 15, 33)
2025-08-04 22:05:00,DDoS,NEUTRAL,1.8077651145024646e-29,(1, 15, 33)
2025-08-04 22:05:03,DDoS,NEUTRAL,1.8077651145024646e-29,(1, 15, 33)
2025-08-04 22:05:06,DDoS,NEUTRAL,9.633871157248852e-31,(1, 15, 33)
2025-08-04 22:05:09,DDoS,NEUTRAL,9.633871157248852e-31,(1, 15, 33)
2025-08-04 22:05:12,DDoS,NEUTRAL,9.633871157248852e-31,(1, 15, 33)
2025-08-04 22:05:15,DDoS,NEUTRAL,2.444905132748321e-35,(1, 15, 33)
2025-08-04 22:05:18,DDoS,NEUTRAL,4.1540349116250986e-30,(1, 15, 33)
2025-08-04 22:05:21,DDoS,NEUTRAL,4.1540349116250986e-30,(1, 15, 33)
2025-08-04 22:05:24,DDoS,NEUTRAL,4.1540349116250986e-30,(1, 15, 33)
2025-08-04 22:05:27,DDoS,NEUTRAL,4.1540349116250986e-30,(1, 15, 33)
2025-08-04 22:05:31,DDoS,NEUTRAL,4.1540349116250986e-30,(1, 15, 33)
2025-08-04 22:05:34,DDoS,NEUTRAL,1.3861809951192493e-32,(1, 15, 33)
2025-08-04 22:05:37,DDoS,NEUTRAL,1.3861809951192493e-32,(1, 15, 33)
2025-08-04 22:05:40,DDoS,NEUTRAL,8.49636224621576e-28,(1, 15, 33)
2025-08-04 22:05:43,DDoS,NEUTRAL,3.020897938623093e-35,(1, 15, 33)
2025-08-04 22:05:46,DDoS,NEUTRAL,3.020897938623093e-35,(1, 15, 33)
2025-08-04 22:05:49,DDoS,NEUTRAL,3.020897938623093e-35,(1, 15, 33)
2025-08-04 22:05:52,DDoS,NEUTRAL,3.020897938623093e-35,(1, 15, 33)
2025-08-04 22:05:55,DDoS,NEUTRAL,1.7155077312179114e-34,(1, 15, 33)
2025-08-04 22:05:58,DDoS,NEUTRAL,1.1080181538986462e-31,(1, 15, 33)
2025-08-04 22:06:01,DDoS,NEUTRAL,5.669574998719359e-32,(1, 15, 33)
2025-08-04 22:06:05,DDoS,NEUTRAL,1.5055267616585883e-28,(1, 15, 33)
2025-08-04 22:06:08,DDoS,NEUTRAL,1.5055267616585883e-28,(1, 15, 33)
2025-08-04 22:06:11,DDoS,NEUTRAL,1.5055267616585883e-28,(1, 15, 33)
2025-08-04 22:06:14,DDoS,NEUTRAL,1.5055267616585883e-28,(1, 15, 33)
2025-08-04 22:06:17,DDoS,NEUTRAL,1.5055267616585883e-28,(1, 15, 33)
2025-08-04 22:06:20,DDoS,NEUTRAL,8.744582597461949e-30,(1, 15, 33)
2025-08-04 22:06:23,DDoS,NEUTRAL,8.744582597461949e-30,(1, 15, 33)
2025-08-04 22:06:26,DDoS,NEUTRAL,7.072830266750757e-30,(1, 15, 33)
2025-08-04 22:06:30,DDoS,NEUTRAL,1.4642584162927447e-28,(1, 15, 33)
2025-08-04 22:06:33,DDoS,NEUTRAL,2.1346903503371125e-27,(1, 15, 33)
2025-08-04 22:06:36,DDoS,NEUTRAL,2.974981818423776e-28,(1, 15, 33)
2025-08-04 22:06:39,DDoS,NEUTRAL,2.974981818423776e-28,(1, 15, 33)
2025-08-04 22:06:42,DDoS,NEUTRAL,2.974981818423776e-28,(1, 15, 33)
2025-08-04 22:06:45,DDoS,NEUTRAL,2.974981818423776e-28,(1, 15, 33)
2025-08-04 22:06:48,DDoS,NEUTRAL,2.974981818423776e-28,(1, 15, 33)
2025-08-04 22:06:51,DDoS,NEUTRAL,2.974981818423776e-28,(1, 15, 33)
2025-08-04 22:06:54,DDoS,NEUTRAL,1.0343928990060795e-28,(1, 15, 33)
2025-08-04 22:06:57,DDoS,NEUTRAL,1.2822850236414966e-27,(1, 15, 33)
2025-08-04 22:07:01,DDoS,NEUTRAL,9.819129631175733e-30,(1, 15, 33)
2025-08-04 22:07:04,DDoS,NEUTRAL,6.780431369622133e-28,(1, 15, 33)
2025-08-04 22:07:07,DDoS,NEUTRAL,2.4254075495124214e-27,(1, 15, 33)
2025-08-04 22:07:10,DDoS,NEUTRAL,2.011481012646861e-31,(1, 15, 33)
2025-08-04 22:07:13,DDoS,NEUTRAL,2.011481012646861e-31,(1, 15, 33)
2025-08-04 22:07:16,DDoS,NEUTRAL,2.1714972970423763e-31,(1, 15, 33)
2025-08-04 22:07:19,DDoS,NEUTRAL,5.364394387276956e-29,(1, 15, 33)
2025-08-04 22:07:22,DDoS,NEUTRAL,7.597605852438068e-28,(1, 15, 33)
2025-08-04 22:07:25,DDoS,NEUTRAL,7.597605852438068e-28,(1, 15, 33)
2025-08-04 22:07:28,DDoS,NEUTRAL,1.0578361307908563e-29,(1, 15, 33)
2025-08-04 22:07:32,DDoS,NEUTRAL,2.9374745734980774e-28,(1, 15, 33)
2025-08-04 22:07:35,DDoS,NEUTRAL,2.9374745734980774e-28,(1, 15, 33)
2025-08-04 22:07:38,DDoS,NEUTRAL,2.9374745734980774e-28,(1, 15, 33)
2025-08-04 22:09:20,DDoS,NEUTRAL,4.740355698180446e-27,(1, 15, 33)
2025-08-04 22:09:24,DDoS,NEUTRAL,4.740355698180446e-27,(1, 15, 33)
2025-08-04 22:09:27,DDoS,NEUTRAL,4.740355698180446e-27,(1, 15, 33)
2025-08-04 22:09:30,DDoS,NEUTRAL,4.6817289582629025e-29,(1, 15, 33)
2025-08-04 22:09:33,DDoS,NEUTRAL,3.8411308874254e-25,(1, 15, 33)
2025-08-04 22:09:36,DDoS,NEUTRAL,4.5467192348978535e-27,(1, 15, 33)
2025-08-04 22:09:39,DDoS,NEUTRAL,4.5467192348978535e-27,(1, 15, 33)
2025-08-04 22:09:42,DDoS,NEUTRAL,4.5467192348978535e-27,(1, 15, 33)
2025-08-04 22:09:45,DDoS,NEUTRAL,1.7375294586962002e-29,(1, 15, 33)
2025-08-04 22:09:48,DDoS,NEUTRAL,1.7375294586962002e-29,(1, 15, 33)
2025-08-04 22:09:51,DDoS,NEUTRAL,1.2548543254350018e-32,(1, 15, 33)
2025-08-04 22:09:54,DDoS,NEUTRAL,1.2548543254350018e-32,(1, 15, 33)
2025-08-04 22:09:58,DDoS,NEUTRAL,1.2548543254350018e-32,(1, 15, 33)
2025-08-04 22:10:01,DDoS,NEUTRAL,1.2548543254350018e-32,(1, 15, 33)
2025-08-04 22:10:04,DDoS,NEUTRAL,1.6390878700146952e-32,(1, 15, 33)
2025-08-04 22:10:07,DDoS,NEUTRAL,6.1845372096196775e-30,(1, 15, 33)
2025-08-04 22:10:10,DDoS,NEUTRAL,1.4534306228536093e-33,(1, 15, 33)
2025-08-04 22:10:13,DDoS,NEUTRAL,5.797500992634036e-31,(1, 15, 33)
2025-08-04 22:10:16,DDoS,NEUTRAL,3.606512353562935e-31,(1, 15, 33)
2025-08-04 22:10:19,DDoS,NEUTRAL,1.762922777605398e-26,(1, 15, 33)
2025-08-04 22:10:22,DDoS,NEUTRAL,1.762922777605398e-26,(1, 15, 33)
2025-08-04 22:10:25,DDoS,NEUTRAL,1.214255376141782e-28,(1, 15, 33)
2025-08-04 22:10:28,DDoS,NEUTRAL,1.214255376141782e-28,(1, 15, 33)
2025-08-04 22:10:32,DDoS,NEUTRAL,1.214255376141782e-28,(1, 15, 33)
2025-08-04 22:10:35,DDoS,NEUTRAL,2.727827270037963e-31,(1, 15, 33)
2025-08-04 22:10:38,DDoS,NEUTRAL,2.053502584700056e-31,(1, 15, 33)
2025-08-04 22:10:41,DDoS,NEUTRAL,2.053502584700056e-31,(1, 15, 33)
2025-08-04 22:10:44,DDoS,NEUTRAL,2.053502584700056e-31,(1, 15, 33)
2025-08-04 22:10:47,DDoS,NEUTRAL,1.5515729033431513e-32,(1, 15, 33)
2025-08-04 22:10:50,DDoS,NEUTRAL,4.409630547646426e-31,(1, 15, 33)
2025-08-04 22:10:53,DDoS,NEUTRAL,4.409630547646426e-31,(1, 15, 33)
2025-08-04 22:10:56,DDoS,NEUTRAL,4.409630547646426e-31,(1, 15, 33)
2025-08-04 22:10:59,DDoS,NEUTRAL,4.409630547646426e-31,(1, 15, 33)
2025-08-04 22:11:02,DDoS,NEUTRAL,4.409630547646426e-31,(1, 15, 33)
2025-08-04 22:11:06,DDoS,NEUTRAL,2.280297762770305e-31,(1, 15, 33)
2025-08-04 22:11:09,DDoS,NEUTRAL,1.9937536438436853e-35,(1, 15, 33)
2025-08-04 22:11:12,DDoS,NEUTRAL,1.9937536438436853e-35,(1, 15, 33)
2025-08-04 22:11:15,DDoS,NEUTRAL,1.9937536438436853e-35,(1, 15, 33)
2025-08-04 22:11:18,DDoS,NEUTRAL,1.9937536438436853e-35,(1, 15, 33)
2025-08-04 22:11:21,DDoS,NEUTRAL,5.620679088682781e-29,(1, 15, 33)
2025-08-04 22:11:24,DDoS,NEUTRAL,5.620679088682781e-29,(1, 15, 33)
2025-08-04 22:11:27,DDoS,NEUTRAL,5.620679088682781e-29,(1, 15, 33)
2025-08-04 22:11:30,DDoS,NEUTRAL,5.55367056923958e-29,(1, 15, 33)
2025-08-04 22:11:33,DDoS,NEUTRAL,4.948007249964842e-28,(1, 15, 33)
2025-08-04 22:11:36,DDoS,NEUTRAL,4.948007249964842e-28,(1, 15, 33)
2025-08-04 22:11:40,DDoS,NEUTRAL,4.948007249964842e-28,(1, 15, 33)
2025-08-04 22:11:43,DDoS,NEUTRAL,1.7279149178946778e-26,(1, 15, 33)
2025-08-04 22:11:46,DDoS,NEUTRAL,1.7279149178946778e-26,(1, 15, 33)
2025-08-04 22:11:49,DDoS,NEUTRAL,1.7279149178946778e-26,(1, 15, 33)
2025-08-04 22:11:52,DDoS,NEUTRAL,1.9564821266530172e-27,(1, 15, 33)
2025-08-04 22:11:55,DDoS,NEUTRAL,1.9564821266530172e-27,(1, 15, 33)
2025-08-04 22:11:58,DDoS,NEUTRAL,1.9564821266530172e-27,(1, 15, 33)
2025-08-04 22:12:01,DDoS,NEUTRAL,1.9564821266530172e-27,(1, 15, 33)
2025-08-04 22:12:04,DDoS,NEUTRAL,1.9564821266530172e-27,(1, 15, 33)
2025-08-04 22:12:07,DDoS,NEUTRAL,2.0041894211887103e-31,(1, 15, 33)
2025-08-04 22:12:11,DDoS,NEUTRAL,2.0041894211887103e-31,(1, 15, 33)
2025-08-04 22:12:14,DDoS,NEUTRAL,2.0041894211887103e-31,(1, 15, 33)
2025-08-04 22:12:17,DDoS,NEUTRAL,2.1852272215232575e-29,(1, 15, 33)
2025-08-04 22:12:20,DDoS,NEUTRAL,2.1852272215232575e-29,(1, 15, 33)
2025-08-04 22:12:23,DDoS,NEUTRAL,2.1852272215232575e-29,(1, 15, 33)
2025-08-04 22:12:26,DDoS,NEUTRAL,9.828705212821893e-26,(1, 15, 33)
2025-08-04 22:12:29,DDoS,NEUTRAL,1.0840929656684504e-27,(1, 15, 33)
2025-08-04 22:12:32,DDoS,NEUTRAL,1.0840929656684504e-27,(1, 15, 33)
2025-08-04 22:12:35,DDoS,NEUTRAL,1.4562481125421736e-28,(1, 15, 33)
2025-08-04 22:12:38,DDoS,NEUTRAL,1.617320585194671e-29,(1, 15, 33)
2025-08-04 22:12:41,DDoS,NEUTRAL,1.617320585194671e-29,(1, 15, 33)
2025-08-04 22:12:45,DDoS,NEUTRAL,1.617320585194671e-29,(1, 15, 33)
2025-08-04 22:12:48,DDoS,NEUTRAL,1.617320585194671e-29,(1, 15, 33)
2025-08-04 22:12:51,DDoS,NEUTRAL,5.232404376983541e-19,(1, 15, 33)
2025-08-04 22:12:54,DDoS,NEUTRAL,5.232404376983541e-19,(1, 15, 33)
2025-08-04 22:12:57,DDoS,NEUTRAL,5.232404376983541e-19,(1, 15, 33)
2025-08-04 22:13:00,DDoS,NEUTRAL,2.101803555792745e-27,(1, 15, 33)
2025-08-04 22:13:03,DDoS,NEUTRAL,2.101803555792745e-27,(1, 15, 33)
2025-08-04 22:13:06,DDoS,NEUTRAL,2.101803555792745e-27,(1, 15, 33)
2025-08-04 22:13:09,DDoS,NEUTRAL,2.5220880169773832e-30,(1, 15, 33)
2025-08-04 22:13:12,DDoS,NEUTRAL,6.978113563409239e-32,(1, 15, 33)
2025-08-04 22:13:16,DDoS,NEUTRAL,6.978113563409239e-32,(1, 15, 33)
2025-08-04 22:13:19,DDoS,NEUTRAL,5.244088164035269e-29,(1, 15, 33)
2025-08-04 22:13:22,DDoS,NEUTRAL,8.804773926755126e-28,(1, 15, 33)
2025-08-04 22:13:25,DDoS,NEUTRAL,8.804773926755126e-28,(1, 15, 33)
2025-08-04 22:13:28,DDoS,NEUTRAL,8.804773926755126e-28,(1, 15, 33)
2025-08-04 22:13:31,DDoS,NEUTRAL,2.0879739565379197e-31,(1, 15, 33)
2025-08-04 22:13:34,DDoS,NEUTRAL,2.0879739565379197e-31,(1, 15, 33)
2025-08-04 22:13:37,DDoS,NEUTRAL,2.0879739565379197e-31,(1, 15, 33)
2025-08-04 22:13:40,DDoS,NEUTRAL,3.8002246537225116e-30,(1, 15, 33)
2025-08-04 22:13:43,DDoS,NEUTRAL,3.8002246537225116e-30,(1, 15, 33)
2025-08-04 22:13:47,DDoS,NEUTRAL,3.8002246537225116e-30,(1, 15, 33)
2025-08-04 22:13:50,DDoS,NEUTRAL,1.1069816223146222e-26,(1, 15, 33)
2025-08-04 22:13:53,DDoS,NEUTRAL,2.3097414512301535e-30,(1, 15, 33)
2025-08-04 22:13:56,DDoS,NEUTRAL,2.3097414512301535e-30,(1, 15, 33)
2025-08-04 22:13:59,DDoS,NEUTRAL,2.3097414512301535e-30,(1, 15, 33)
2025-08-04 22:14:02,DDoS,NEUTRAL,2.3097414512301535e-30,(1, 15, 33)
2025-08-04 22:14:05,DDoS,NEUTRAL,2.3097414512301535e-30,(1, 15, 33)
2025-08-04 22:14:08,DDoS,NEUTRAL,1.2931475232809763e-32,(1, 15, 33)
2025-08-04 22:14:11,DDoS,NEUTRAL,1.2931475232809763e-32,(1, 15, 33)
2025-08-04 22:14:14,DDoS,NEUTRAL,1.4724218728512957e-32,(1, 15, 33)
2025-08-04 22:14:18,DDoS,NEUTRAL,1.4724218728512957e-32,(1, 15, 33)
2025-08-04 22:14:21,DDoS,NEUTRAL,1.4724218728512957e-32,(1, 15, 33)
2025-08-04 22:14:24,DDoS,NEUTRAL,1.4724218728512957e-32,(1, 15, 33)
2025-08-04 22:14:27,DDoS,NEUTRAL,1.4724218728512957e-32,(1, 15, 33)
2025-08-04 22:14:30,DDoS,NEUTRAL,1.4724218728512957e-32,(1, 15, 33)
2025-08-04 22:14:33,DDoS,NEUTRAL,1.4724218728512957e-32,(1, 15, 33)
2025-08-04 22:14:36,DDoS,NEUTRAL,6.820308681434628e-34,(1, 15, 33)
2025-08-04 22:14:39,DDoS,NEUTRAL,6.820308681434628e-34,(1, 15, 33)
2025-08-04 22:14:42,DDoS,NEUTRAL,4.139265445088451e-35,(1, 15, 33)
2025-08-04 22:14:46,DDoS,NEUTRAL,4.139265445088451e-35,(1, 15, 33)
2025-08-04 22:14:49,DDoS,NEUTRAL,4.139265445088451e-35,(1, 15, 33)
2025-08-04 22:14:52,DDoS,NEUTRAL,4.139265445088451e-35,(1, 15, 33)
2025-08-04 22:14:55,DDoS,NEUTRAL,2.682473112725469e-32,(1, 15, 33)
2025-08-04 22:14:58,DDoS,NEUTRAL,5.487640799306716e-32,(1, 15, 33)
2025-08-04 22:15:01,DDoS,NEUTRAL,1.0677866962745703e-34,(1, 15, 33)
2025-08-04 22:15:04,DDoS,NEUTRAL,4.7002181795658735e-35,(1, 15, 33)
2025-08-04 22:15:07,DDoS,NEUTRAL,8.518428882480429e-36,(1, 15, 33)
2025-08-04 22:15:10,DDoS,NEUTRAL,3.427236494991446e-23,(1, 15, 33)
2025-08-04 22:15:13,DDoS,NEUTRAL,8.797131561905218e-33,(1, 15, 33)
2025-08-04 22:15:17,DDoS,NEUTRAL,6.87317894595286e-32,(1, 15, 33)
2025-08-04 22:15:20,DDoS,NEUTRAL,5.049465720917648e-29,(1, 15, 33)
2025-08-04 22:15:23,DDoS,NEUTRAL,5.049465720917648e-29,(1, 15, 33)
2025-08-04 22:15:26,DDoS,NEUTRAL,1.240509180124742e-32,(1, 15, 33)
2025-08-04 22:15:29,DDoS,NEUTRAL,6.561228808158434e-34,(1, 15, 33)
2025-08-04 22:15:32,DDoS,NEUTRAL,6.561228808158434e-34,(1, 15, 33)
2025-08-04 22:15:35,DDoS,NEUTRAL,2.286236246390144e-25,(1, 15, 33)
2025-08-04 22:15:38,DDoS,NEUTRAL,8.491145864961387e-28,(1, 15, 33)
2025-08-04 22:15:41,DDoS,NEUTRAL,8.491145864961387e-28,(1, 15, 33)
2025-08-04 22:15:45,DDoS,NEUTRAL,5.180932106333951e-31,(1, 15, 33)
2025-08-04 22:15:48,DDoS,NEUTRAL,5.180932106333951e-31,(1, 15, 33)
2025-08-04 22:15:51,DDoS,NEUTRAL,5.180932106333951e-31,(1, 15, 33)
2025-08-04 22:15:54,DDoS,NEUTRAL,5.180932106333951e-31,(1, 15, 33)
2025-08-04 22:15:57,DDoS,NEUTRAL,8.579196378630705e-33,(1, 15, 33)
2025-08-04 22:16:00,DDoS,NEUTRAL,8.275551402298426e-35,(1, 15, 33)
2025-08-04 22:16:03,DDoS,NEUTRAL,8.275551402298426e-35,(1, 15, 33)
2025-08-04 22:16:06,DDoS,NEUTRAL,1.269089914671765e-31,(1, 15, 33)
2025-08-04 22:16:09,DDoS,NEUTRAL,1.269089914671765e-31,(1, 15, 33)
2025-08-04 22:16:12,DDoS,NEUTRAL,1.269089914671765e-31,(1, 15, 33)
2025-08-04 22:16:16,DDoS,NEUTRAL,1.269089914671765e-31,(1, 15, 33)
2025-08-04 22:16:19,DDoS,NEUTRAL,3.402395611844908e-30,(1, 15, 33)
2025-08-04 22:16:22,DDoS,NEUTRAL,3.402395611844908e-30,(1, 15, 33)
2025-08-04 22:16:25,DDoS,NEUTRAL,7.973416529902034e-26,(1, 15, 33)
2025-08-04 22:16:28,DDoS,NEUTRAL,1.366398747626055e-32,(1, 15, 33)
2025-08-04 22:16:31,DDoS,NEUTRAL,2.81665418714655e-29,(1, 15, 33)
2025-08-04 22:16:34,DDoS,NEUTRAL,4.228478859776798e-28,(1, 15, 33)
2025-08-04 22:16:37,DDoS,NEUTRAL,4.228478859776798e-28,(1, 15, 33)
2025-08-04 22:16:40,DDoS,NEUTRAL,3.20787315157479e-29,(1, 15, 33)
2025-08-04 22:16:43,DDoS,NEUTRAL,3.20787315157479e-29,(1, 15, 33)
2025-08-04 22:16:47,DDoS,NEUTRAL,3.20787315157479e-29,(1, 15, 33)
2025-08-04 22:16:50,DDoS,NEUTRAL,1.5724927722285525e-33,(1, 15, 33)
2025-08-04 22:16:53,DDoS,NEUTRAL,1.5724927722285525e-33,(1, 15, 33)
2025-08-04 22:16:56,DDoS,NEUTRAL,5.546133562772842e-29,(1, 15, 33)
2025-08-04 22:16:59,DDoS,NEUTRAL,3.5536457881784885e-32,(1, 15, 33)
2025-08-04 22:17:02,DDoS,NEUTRAL,3.5536457881784885e-32,(1, 15, 33)
2025-08-04 22:17:05,DDoS,NEUTRAL,3.722070251422321e-33,(1, 15, 33)
2025-08-04 22:17:08,DDoS,NEUTRAL,6.907897612414777e-33,(1, 15, 33)
2025-08-04 22:17:11,DDoS,NEUTRAL,6.907897612414777e-33,(1, 15, 33)
2025-08-04 22:17:15,DDoS,NEUTRAL,4.967124391704694e-29,(1, 15, 33)
2025-08-04 22:17:18,DDoS,NEUTRAL,4.967124391704694e-29,(1, 15, 33)
2025-08-04 22:17:21,DDoS,NEUTRAL,4.967124391704694e-29,(1, 15, 33)
2025-08-04 22:17:24,DDoS,NEUTRAL,4.967124391704694e-29,(1, 15, 33)
2025-08-04 22:17:27,DDoS,NEUTRAL,4.967124391704694e-29,(1, 15, 33)
2025-08-04 22:17:30,DDoS,NEUTRAL,4.967124391704694e-29,(1, 15, 33)
2025-08-04 22:17:33,DDoS,NEUTRAL,4.967124391704694e-29,(1, 15, 33)
2025-08-04 22:17:36,DDoS,NEUTRAL,4.967124391704694e-29,(1, 15, 33)
2025-08-04 22:17:39,DDoS,NEUTRAL,5.249875583518153e-28,(1, 15, 33)
2025-08-04 22:17:42,DDoS,NEUTRAL,3.1113097325021985e-31,(1, 15, 33)
2025-08-04 22:17:46,DDoS,NEUTRAL,6.6806042599398365e-22,(1, 15, 33)
2025-08-04 22:17:49,DDoS,NEUTRAL,6.6806042599398365e-22,(1, 15, 33)
2025-08-04 22:17:52,DDoS,NEUTRAL,6.6806042599398365e-22,(1, 15, 33)
2025-08-04 22:17:55,DDoS,NEUTRAL,6.6806042599398365e-22,(1, 15, 33)
2025-08-04 22:17:58,DDoS,NEUTRAL,2.549063261340053e-31,(1, 15, 33)
2025-08-04 22:18:01,DDoS,NEUTRAL,1.1357835655639388e-31,(1, 15, 33)
2025-08-04 22:18:04,DDoS,NEUTRAL,1.1357835655639388e-31,(1, 15, 33)
2025-08-04 22:18:07,DDoS,NEUTRAL,1.1357835655639388e-31,(1, 15, 33)
2025-08-04 22:18:10,DDoS,NEUTRAL,1.1357835655639388e-31,(1, 15, 33)
2025-08-04 22:18:13,DDoS,NEUTRAL,6.542353687686816e-28,(1, 15, 33)
2025-08-04 22:18:17,DDoS,NEUTRAL,6.542353687686816e-28,(1, 15, 33)
2025-08-04 22:18:20,DDoS,NEUTRAL,6.512945700400995e-28,(1, 15, 33)
2025-08-04 22:18:23,DDoS,NEUTRAL,6.512945700400995e-28,(1, 15, 33)
2025-08-04 22:18:26,DDoS,NEUTRAL,7.068322763132867e-31,(1, 15, 33)
2025-08-04 22:18:29,DDoS,NEUTRAL,1.5326676510428031e-30,(1, 15, 33)
2025-08-04 22:18:32,DDoS,NEUTRAL,1.5326676510428031e-30,(1, 15, 33)
2025-08-04 22:18:35,DDoS,NEUTRAL,2.0012074584911376e-26,(1, 15, 33)
2025-08-04 22:18:38,DDoS,NEUTRAL,2.494528610697072e-32,(1, 15, 33)
2025-08-04 22:18:41,DDoS,NEUTRAL,6.068527766176574e-30,(1, 15, 33)
2025-08-04 22:18:44,DDoS,NEUTRAL,6.068527766176574e-30,(1, 15, 33)
2025-08-04 22:18:48,DDoS,NEUTRAL,6.068527766176574e-30,(1, 15, 33)
2025-08-04 22:18:51,DDoS,NEUTRAL,1.29677731906492e-26,(1, 15, 33)
2025-08-04 22:18:54,DDoS,NEUTRAL,1.29677731906492e-26,(1, 15, 33)
2025-08-04 22:18:57,DDoS,NEUTRAL,2.1930846395381652e-30,(1, 15, 33)
2025-08-04 22:19:00,DDoS,NEUTRAL,7.246733491697317e-34,(1, 15, 33)
2025-08-04 22:19:03,DDoS,NEUTRAL,7.246733491697317e-34,(1, 15, 33)
2025-08-04 22:19:06,DDoS,NEUTRAL,7.246733491697317e-34,(1, 15, 33)
2025-08-04 22:19:09,DDoS,NEUTRAL,1.611659742943484e-30,(1, 15, 33)
2025-08-04 22:19:12,DDoS,NEUTRAL,5.275958897003692e-34,(1, 15, 33)
2025-08-04 22:19:15,DDoS,NEUTRAL,6.1358612081275155e-33,(1, 15, 33)
2025-08-04 22:19:19,DDoS,NEUTRAL,9.843248593537091e-29,(1, 15, 33)
2025-09-09 21:50:44,DDoS,NEUTRAL,7.854850509550548e-29,(1, 15, 33)
2025-09-09 21:50:48,DDoS,NEUTRAL,3.7044870072062313e-28,(1, 15, 33)
2025-09-09 21:50:51,DDoS,NEUTRAL,3.8366108118183166e-30,(1, 15, 33)
2025-09-09 21:50:54,DDoS,NEUTRAL,2.340554449549388e-30,(1, 15, 33)
